year	pdf_page	first_ocr_markers	clean_ocr_markers	hand_checked_questions	review_status
first	1	0	0	0	manual_page_review_required
first	2	0	0	0	manual_page_review_required
first	3	4	14	18	manual_page_review_required
first	4	35	27	43	manual_page_review_required
first	5	19	27	32	manual_page_review_required
first	6	23	26	25	manual_page_review_required
first	7	14	24	19	manual_page_review_required
first	8	6	20	28	manual_page_review_required
first	9	20	22	25	manual_page_review_required
first	10	24	26	16	manual_page_review_required
first	11	13	11	0	manual_page_review_required
first	12	11	20	0	manual_page_review_required
first	13	14	16	0	manual_page_review_required
first	14	18	24	0	manual_page_review_required
first	15	17	21	0	manual_page_review_required
first	16	20	19	0	manual_page_review_required
first	17	12	22	0	manual_page_review_required
first	18	10	18	0	manual_page_review_required
first	19	4	5	0	manual_page_review_required
first	20	24	22	0	manual_page_review_required
first	21	17	16	0	manual_page_review_required
first	22	27	19	0	manual_page_review_required
first	23	16	16	0	manual_page_review_required
first	24	9	13	0	manual_page_review_required
first	25	6	13	0	manual_page_review_required
first	26	16	15	0	manual_page_review_required
first	27	10	9	0	manual_page_review_required
first	28	24	22	0	manual_page_review_required
first	29	10	8	0	manual_page_review_required
first	30	21	16	0	manual_page_review_required
first	31	29	28	0	manual_page_review_required
first	32	0	0	6	manual_page_review_required
first	33	1	0	5	manual_page_review_required
first	34	11	10	19	manual_page_review_required
first	35	15	15	26	manual_page_review_required
first	36	12	20	32	manual_page_review_required
first	37	10	14	26	manual_page_review_required
first	38	17	19	18	manual_page_review_required
first	39	11	7	29	manual_page_review_required
first	40	7	14	34	manual_page_review_required
first	41	15	20	30	manual_page_review_required
first	42	19	16	32	manual_page_review_required
first	43	14	13	31	manual_page_review_required
first	44	11	14	23	manual_page_review_required
first	45	19	15	0	manual_page_review_required
first	46	21	15	0	manual_page_review_required
first	47	15	16	0	manual_page_review_required
first	48	8	6	0	manual_page_review_required
first	49	12	14	0	manual_page_review_required
first	50	15	16	0	manual_page_review_required
first	51	17	17	0	manual_page_review_required
first	52	9	10	0	manual_page_review_required
first	53	16	11	0	manual_page_review_required
first	54	15	24	0	manual_page_review_required
first	55	15	14	0	manual_page_review_required
first	56	5	6	0	manual_page_review_required
first	57	14	10	0	manual_page_review_required
first	58	14	13	0	manual_page_review_required
first	59	11	18	0	manual_page_review_required
first	60	32	28	0	manual_page_review_required
first	61	3	3	0	manual_page_review_required
first	62	3	7	0	manual_page_review_required
first	63	26	28	0	manual_page_review_required
first	64	12	21	0	manual_page_review_required
first	65	17	17	0	manual_page_review_required
first	66	42	31	0	manual_page_review_required
first	67	14	11	0	manual_page_review_required
first	68	17	13	0	manual_page_review_required
first	69	15	25	0	manual_page_review_required
first	70	27	25	0	manual_page_review_required
first	71	25	28	0	manual_page_review_required
first	72	16	16	0	manual_page_review_required
first	73	19	16	0	manual_page_review_required
first	74	20	14	0	manual_page_review_required
first	75	32	32	0	manual_page_review_required
first	76	0	29	43	manual_page_review_required
first	77	0	31	45	manual_page_review_required
first	78	25	17	0	manual_page_review_required
first	79	13	15	0	manual_page_review_required
first	80	12	11	0	manual_page_review_required
first	81	15	18	0	manual_page_review_required
first	82	8	14	0	manual_page_review_required
first	83	18	22	0	manual_page_review_required
first	84	14	18	0	manual_page_review_required
first	85	36	31	0	manual_page_review_required
first	86	19	17	0	manual_page_review_required
second	1	0	0	0	manual_page_review_required
second	2	0	0	0	manual_page_review_required
second	3	0	0	0	manual_page_review_required
second	4	0	0	0	manual_page_review_required
second	5	0	0	0	manual_page_review_required
second	6	5	5	0	manual_page_review_required
second	7	15	15	16	manual_page_review_required
second	8	6	7	8	manual_page_review_required
second	9	10	14	12	manual_page_review_required
second	10	9	10	0	manual_page_review_required
second	11	14	15	0	manual_page_review_required
second	12	7	6	0	manual_page_review_required
second	13	5	6	0	manual_page_review_required
second	14	7	7	0	manual_page_review_required
second	15	6	7	0	manual_page_review_required
second	16	4	5	0	manual_page_review_required
second	17	9	11	0	manual_page_review_required
second	18	7	7	0	manual_page_review_required
second	19	4	6	0	manual_page_review_required
second	20	4	10	0	manual_page_review_required
second	21	8	7	0	manual_page_review_required
second	22	5	6	0	manual_page_review_required
second	23	4	5	0	manual_page_review_required
second	24	6	6	0	manual_page_review_required
second	25	12	13	0	manual_page_review_required
second	26	11	12	0	manual_page_review_required
second	27	6	7	0	manual_page_review_required
second	28	1	1	0	manual_page_review_required
second	29	0	0	0	manual_page_review_required
second	30	0	0	0	manual_page_review_required
second	31	0	0	0	manual_page_review_required
second	32	5	5	0	manual_page_review_required
second	33	11	11	0	manual_page_review_required
second	34	8	9	0	manual_page_review_required
second	35	9	10	0	manual_page_review_required
second	36	7	8	0	manual_page_review_required
second	37	4	4	0	manual_page_review_required
second	38	7	7	0	manual_page_review_required
second	39	11	8	0	manual_page_review_required
second	40	13	14	0	manual_page_review_required
second	41	8	12	0	manual_page_review_required
second	42	12	12	0	manual_page_review_required
second	43	12	11	0	manual_page_review_required
second	44	13	13	0	manual_page_review_required
second	45	4	6	0	manual_page_review_required
second	46	11	11	0	manual_page_review_required
second	47	4	4	0	manual_page_review_required
second	48	13	14	0	manual_page_review_required
second	49	11	10	0	manual_page_review_required
second	50	16	15	0	manual_page_review_required
second	51	8	8	0	manual_page_review_required
second	52	17	14	0	manual_page_review_required
second	53	7	7	0	manual_page_review_required
second	54	0	0	2	manual_page_review_required
second	55	0	0	0	manual_page_review_required
second	56	0	0	0	manual_page_review_required
second	57	0	0	0	manual_page_review_required
second	58	0	0	0	manual_page_review_required
second	59	0	0	0	manual_page_review_required
second	60	10	8	20	manual_page_review_required
second	61	22	21	12	manual_page_review_required
second	62	15	14	15	manual_page_review_required
second	63	16	14	15	manual_page_review_required
second	64	14	14	19	manual_page_review_required
second	65	10	9	10	manual_page_review_required
second	66	7	8	14	manual_page_review_required
second	67	3	4	6	manual_page_review_required
second	68	15	12	17	manual_page_review_required
second	69	11	12	7	manual_page_review_required
second	70	17	17	20	manual_page_review_required
second	71	11	14	0	manual_page_review_required
second	72	6	5	0	manual_page_review_required
second	73	5	8	0	manual_page_review_required
second	74	6	6	0	manual_page_review_required
second	75	6	6	0	manual_page_review_required
second	76	13	14	0	manual_page_review_required
second	77	9	13	0	manual_page_review_required
second	78	11	10	0	manual_page_review_required
second	79	6	10	0	manual_page_review_required
second	80	28	28	0	manual_page_review_required
second	81	0	0	0	manual_page_review_required
second	82	3	3	0	manual_page_review_required
second	83	8	15	0	manual_page_review_required
second	84	7	6	0	manual_page_review_required
second	85	9	11	0	manual_page_review_required
second	86	11	10	0	manual_page_review_required
second	87	8	8	0	manual_page_review_required
second	88	9	9	0	manual_page_review_required
second	89	2	2	0	manual_page_review_required
second	90	16	15	0	manual_page_review_required
second	91	11	14	0	manual_page_review_required
second	92	21	21	0	manual_page_review_required
second	93	6	6	0	manual_page_review_required
second	94	7	7	0	manual_page_review_required
second	95	16	18	0	manual_page_review_required
second	96	9	8	0	manual_page_review_required
second	97	8	9	0	manual_page_review_required
second	98	17	18	0	manual_page_review_required
second	99	6	8	0	manual_page_review_required
second	100	11	11	0	manual_page_review_required
second	101	7	10	0	manual_page_review_required
second	102	0	0	0	manual_page_review_required
second	103	0	0	0	manual_page_review_required
second	104	9	11	12	manual_page_review_required
second	105	12	11	0	manual_page_review_required
second	106	11	8	0	manual_page_review_required
second	107	10	10	0	manual_page_review_required
second	108	11	13	0	manual_page_review_required
second	109	14	14	0	manual_page_review_required
second	110	4	6	0	manual_page_review_required
second	111	8	11	0	manual_page_review_required
second	112	3	4	0	manual_page_review_required
second	113	15	16	0	manual_page_review_required
second	114	6	7	0	manual_page_review_required
second	115	0	0	2	manual_page_review_required
second	116	6	7	0	manual_page_review_required
second	117	3	3	0	manual_page_review_required
second	118	6	6	0	manual_page_review_required
second	119	7	14	0	manual_page_review_required
second	120	5	5	0	manual_page_review_required
second	121	7	10	0	manual_page_review_required
second	122	7	6	0	manual_page_review_required
second	123	6	6	0	manual_page_review_required
second	124	8	11	0	manual_page_review_required
second	125	6	6	0	manual_page_review_required
second	126	9	9	0	manual_page_review_required
second	127	4	3	0	manual_page_review_required
second	128	12	13	0	manual_page_review_required
second	129	1	1	0	manual_page_review_required
second	130	1	1	0	manual_page_review_required
second	131	9	14	0	manual_page_review_required
second	132	10	10	0	manual_page_review_required
second	133	8	8	0	manual_page_review_required
second	134	11	10	0	manual_page_review_required
second	135	6	6	0	manual_page_review_required
second	136	11	17	0	manual_page_review_required
second	137	5	5	0	manual_page_review_required
second	138	2	11	0	manual_page_review_required
second	139	1	2	0	manual_page_review_required
second	140	2	2	0	manual_page_review_required
second	141	8	8	0	manual_page_review_required
second	142	7	7	0	manual_page_review_required
second	143	11	10	0	manual_page_review_required
second	144	4	8	0	manual_page_review_required
second	145	3	3	0	manual_page_review_required
second	146	6	7	0	manual_page_review_required
second	147	7	7	0	manual_page_review_required
second	148	1	1	0	manual_page_review_required
second	149	9	11	0	manual_page_review_required
third	1	0	0	0	manual_page_review_required
third	2	0	0	0	manual_page_review_required
third	3	17	17	0	manual_page_review_required
third	4	0	2	0	manual_page_review_required
third	5	0	0	0	manual_page_review_required
third	6	0	0	0	manual_page_review_required
third	7	0	0	0	manual_page_review_required
third	8	0	0	0	manual_page_review_required
third	9	0	0	0	manual_page_review_required
third	10	0	0	0	manual_page_review_required
third	11	6	16	17	manual_page_review_required
third	12	10	10	21	manual_page_review_required
third	13	1	0	7	manual_page_review_required
third	14	5	5	4	manual_page_review_required
third	15	11	10	10	manual_page_review_required
third	16	6	5	6	manual_page_review_required
third	17	2	2	8	manual_page_review_required
third	18	7	7	21	manual_page_review_required
third	19	13	20	21	manual_page_review_required
third	20	9	9	10	manual_page_review_required
third	21	4	7	16	manual_page_review_required
third	22	8	7	8	manual_page_review_required
third	23	2	6	0	manual_page_review_required
third	24	6	6	0	manual_page_review_required
third	25	4	4	0	manual_page_review_required
third	26	9	10	0	manual_page_review_required
third	27	8	8	0	manual_page_review_required
third	28	5	5	0	manual_page_review_required
third	29	11	10	0	manual_page_review_required
third	30	4	5	0	manual_page_review_required
third	31	10	11	0	manual_page_review_required
third	32	4	4	0	manual_page_review_required
third	33	8	6	0	manual_page_review_required
third	34	4	7	0	manual_page_review_required
third	35	5	4	0	manual_page_review_required
third	36	7	12	0	manual_page_review_required
third	37	4	5	0	manual_page_review_required
third	38	7	10	0	manual_page_review_required
third	39	4	4	0	manual_page_review_required
third	40	15	15	0	manual_page_review_required
third	41	2	2	0	manual_page_review_required
third	42	12	9	0	manual_page_review_required
third	43	6	6	0	manual_page_review_required
third	44	11	15	0	manual_page_review_required
third	45	7	8	0	manual_page_review_required
third	46	5	6	0	manual_page_review_required
third	47	13	18	0	manual_page_review_required
third	48	8	7	0	manual_page_review_required
third	49	7	7	0	manual_page_review_required
third	50	15	19	0	manual_page_review_required
third	51	2	2	0	manual_page_review_required
third	52	8	8	0	manual_page_review_required
third	53	7	7	0	manual_page_review_required
third	54	7	7	0	manual_page_review_required
third	55	10	10	0	manual_page_review_required
third	56	10	10	0	manual_page_review_required
third	57	12	12	0	manual_page_review_required
third	58	4	7	0	manual_page_review_required
third	59	6	6	0	manual_page_review_required
third	60	4	5	0	manual_page_review_required
third	61	14	17	0	manual_page_review_required
third	62	8	8	0	manual_page_review_required
third	63	5	6	0	manual_page_review_required
third	64	10	11	0	manual_page_review_required
third	65	15	11	0	manual_page_review_required
third	66	6	10	0	manual_page_review_required
third	67	3	3	0	manual_page_review_required
third	68	4	9	0	manual_page_review_required
third	69	9	9	0	manual_page_review_required
third	70	13	23	0	manual_page_review_required
third	71	4	5	0	manual_page_review_required
third	72	0	0	0	manual_page_review_required
third	73	0	0	0	manual_page_review_required
third	74	17	17	22	manual_page_review_required
third	75	8	10	10	manual_page_review_required
third	76	19	21	22	manual_page_review_required
third	77	9	10	0	manual_page_review_required
third	78	8	7	0	manual_page_review_required
third	79	11	16	0	manual_page_review_required
third	80	13	11	0	manual_page_review_required
third	81	10	10	0	manual_page_review_required
third	82	7	8	0	manual_page_review_required
third	83	7	7	0	manual_page_review_required
third	84	5	5	0	manual_page_review_required
third	85	11	9	0	manual_page_review_required
third	86	16	12	0	manual_page_review_required
third	87	16	15	0	manual_page_review_required
third	88	6	18	0	manual_page_review_required
third	89	3	8	0	manual_page_review_required
third	90	7	7	0	manual_page_review_required
third	91	3	3	0	manual_page_review_required
third	92	0	2	0	manual_page_review_required
third	93	4	3	0	manual_page_review_required
third	94	5	5	0	manual_page_review_required
third	95	3	5	0	manual_page_review_required
final	1	0	0	0	manual_page_review_required
final	2	0	0	0	manual_page_review_required
final	3	21	20	0	manual_page_review_required
final	4	0	5	0	manual_page_review_required
final	5	0	0	0	manual_page_review_required
final	6	0	0	0	manual_page_review_required
final	7	0	0	0	manual_page_review_required
final	8	17	17	18	manual_page_review_required
final	9	14	16	17	manual_page_review_required
final	10	4	6	6	manual_page_review_required
final	11	25	25	0	manual_page_review_required
final	12	6	6	0	manual_page_review_required
final	13	11	8	0	manual_page_review_required
final	14	12	12	0	manual_page_review_required
final	15	14	14	0	manual_page_review_required
final	16	7	7	0	manual_page_review_required
final	17	20	20	0	manual_page_review_required
final	18	10	12	0	manual_page_review_required
final	19	23	12	0	manual_page_review_required
final	20	18	17	0	manual_page_review_required
final	21	17	13	0	manual_page_review_required
final	22	13	10	0	manual_page_review_required
final	23	14	10	0	manual_page_review_required
final	24	18	15	0	manual_page_review_required
final	25	19	18	0	manual_page_review_required
final	26	10	11	0	manual_page_review_required
final	27	0	0	0	manual_page_review_required
final	28	0	0	0	manual_page_review_required
final	29	0	0	0	manual_page_review_required
final	30	23	15	29	manual_page_review_required
final	31	16	19	0	manual_page_review_required
final	32	17	13	0	manual_page_review_required
final	33	15	14	0	manual_page_review_required
final	34	5	5	0	manual_page_review_required
final	35	12	13	0	manual_page_review_required
final	36	11	9	0	manual_page_review_required
final	37	7	8	0	manual_page_review_required
final	38	8	8	0	manual_page_review_required
final	39	6	8	0	manual_page_review_required
final	40	9	11	0	manual_page_review_required
final	41	5	7	0	manual_page_review_required
final	42	10	12	0	manual_page_review_required
final	43	14	13	0	manual_page_review_required
final	44	13	15	0	manual_page_review_required
final	45	20	20	0	manual_page_review_required
final	46	4	4	0	manual_page_review_required
final	47	9	10	0	manual_page_review_required
final	48	14	14	0	manual_page_review_required
final	49	8	9	0	manual_page_review_required
final	50	10	8	0	manual_page_review_required
final	51	13	13	0	manual_page_review_required
final	52	5	5	0	manual_page_review_required
final	53	13	13	0	manual_page_review_required
final	54	17	17	0	manual_page_review_required
final	55	14	14	0	manual_page_review_required
final	56	0	0	0	manual_page_review_required
final	57	0	0	0	manual_page_review_required
final	58	16	16	16	manual_page_review_required
final	59	9	11	11	manual_page_review_required
final	60	10	10	6	manual_page_review_required
final	61	8	8	7	manual_page_review_required
final	62	10	9	5	manual_page_review_required
final	63	11	12	8	manual_page_review_required
final	64	11	12	12	manual_page_review_required
final	65	10	8	9	manual_page_review_required
final	66	7	7	7	manual_page_review_required
final	67	7	8	10	manual_page_review_required
final	68	10	11	10	manual_page_review_required
final	69	7	7	0	manual_page_review_required
final	70	11	10	0	manual_page_review_required
final	71	8	7	0	manual_page_review_required
final	72	5	5	0	manual_page_review_required
final	73	14	14	0	manual_page_review_required
final	74	13	15	0	manual_page_review_required
final	75	9	10	0	manual_page_review_required
final	76	13	13	0	manual_page_review_required
final	77	12	11	0	manual_page_review_required
final	78	7	9	0	manual_page_review_required
final	79	21	20	0	manual_page_review_required
final	80	12	11	0	manual_page_review_required
final	81	12	15	0	manual_page_review_required
final	82	0	0	0	manual_page_review_required
final	83	0	0	0	manual_page_review_required
final	84	17	17	0	manual_page_review_required
final	85	7	7	0	manual_page_review_required
final	86	11	11	0	manual_page_review_required
final	87	11	10	0	manual_page_review_required
final	88	19	19	0	manual_page_review_required
final	89	15	9	0	manual_page_review_required
final	90	11	12	0	manual_page_review_required
final	91	16	15	0	manual_page_review_required
final	92	19	18	0	manual_page_review_required
final	93	12	8	0	manual_page_review_required
final	94	10	13	0	manual_page_review_required
final	95	14	14	0	manual_page_review_required
final	96	12	11	0	manual_page_review_required
final	97	8	9	0	manual_page_review_required
final	98	19	20	0	manual_page_review_required
final	99	15	12	0	manual_page_review_required
final	100	20	21	0	manual_page_review_required
final	101	8	8	0	manual_page_review_required
final	102	1	1	0	manual_page_review_required
final	103	0	0	0	manual_page_review_required
final	104	0	0	0	manual_page_review_required
final	105	0	0	0	manual_page_review_required
final	106	7	10	0	manual_page_review_required
final	107	10	10	0	manual_page_review_required
final	108	8	6	0	manual_page_review_required
final	109	14	16	0	manual_page_review_required
final	110	14	17	0	manual_page_review_required
final	111	8	8	0	manual_page_review_required
final	112	7	7	0	manual_page_review_required
final	113	12	11	0	manual_page_review_required
final	114	12	13	0	manual_page_review_required
final	115	8	8	0	manual_page_review_required
final	116	5	5	0	manual_page_review_required
final	117	10	11	0	manual_page_review_required
final	118	6	5	0	manual_page_review_required
final	119	6	5	0	manual_page_review_required
final	120	15	18	0	manual_page_review_required
final	121	10	10	0	manual_page_review_required
final	122	11	12	0	manual_page_review_required
final	123	8	8	0	manual_page_review_required
final	124	14	13	0	manual_page_review_required
final	125	5	5	0	manual_page_review_required
final	126	10	12	0	manual_page_review_required
final	127	5	6	0	manual_page_review_required
final	128	7	8	0	manual_page_review_required
final	129	7	9	0	manual_page_review_required
final	130	7	7	0	manual_page_review_required
final	131	6	6	0	manual_page_review_required
final	132	16	16	0	manual_page_review_required
final	133	4	4	0	manual_page_review_required
final	134	15	13	0	manual_page_review_required
final	135	8	7	0	manual_page_review_required
final	136	3	3	0	manual_page_review_required
final	137	0	0	0	manual_page_review_required
final	138	0	0	0	manual_page_review_required
final	139	0	0	0	manual_page_review_required
final	140	0	0	0	manual_page_review_required
final	141	15	13	0	manual_page_review_required
final	142	5	5	0	manual_page_review_required
final	143	0	0	0	manual_page_review_required
final	144	0	0	0	manual_page_review_required
final	145	0	0	0	manual_page_review_required
final	146	0	0	0	manual_page_review_required
final	147	0	0	0	manual_page_review_required
final	148	0	0	0	manual_page_review_required
final	149	22	18	0	manual_page_review_required
final	150	18	17	0	manual_page_review_required
final	151	16	17	0	manual_page_review_required
final	152	4	4	0	manual_page_review_required
final	153	22	21	0	manual_page_review_required
final	154	7	7	0	manual_page_review_required
final	155	7	7	0	manual_page_review_required
final	156	5	5	0	manual_page_review_required
final	157	8	8	0	manual_page_review_required
final	158	14	11	0	manual_page_review_required
final	159	11	20	0	manual_page_review_required
final	160	11	9	0	manual_page_review_required
final	161	12	13	0	manual_page_review_required
final	162	13	16	0	manual_page_review_required
final	163	4	4	0	manual_page_review_required
final	164	17	16	0	manual_page_review_required
final	165	6	6	0	manual_page_review_required
final	166	11	9	0	manual_page_review_required
final	167	6	7	0	manual_page_review_required
final	168	3	6	0	manual_page_review_required
final	169	8	10	0	manual_page_review_required
final	170	12	9	0	manual_page_review_required
final	171	4	7	0	manual_page_review_required
final	172	4	4	0	manual_page_review_required
final	173	5	5	0	manual_page_review_required
final	174	7	7	0	manual_page_review_required
final	175	8	11	0	manual_page_review_required
final	176	4	4	0	manual_page_review_required
final	177	8	8	0	manual_page_review_required
final	178	8	8	0	manual_page_review_required
final	179	8	9	0	manual_page_review_required
final	180	12	12	0	manual_page_review_required
final	181	5	7	0	manual_page_review_required
final	182	8	8	0	manual_page_review_required
final	183	7	8	0	manual_page_review_required
final	184	6	6	0	manual_page_review_required
final	185	9	5	0	manual_page_review_required
final	186	11	11	0	manual_page_review_required
final	187	7	7	0	manual_page_review_required
final	188	18	18	0	manual_page_review_required
final	189	14	16	0	manual_page_review_required
final	190	13	13	0	manual_page_review_required
final	191	13	14	0	manual_page_review_required
final	192	15	13	0	manual_page_review_required
final	193	9	7	0	manual_page_review_required
final	194	3	3	0	manual_page_review_required
final	195	7	12	0	manual_page_review_required
final	196	5	5	0	manual_page_review_required
final	197	7	7	0	manual_page_review_required
final	198	11	12	0	manual_page_review_required
final	199	3	3	0	manual_page_review_required
final	200	17	17	0	manual_page_review_required
final	201	9	9	0	manual_page_review_required
final	202	5	6	0	manual_page_review_required
final	203	10	11	0	manual_page_review_required
final	204	7	8	0	manual_page_review_required
final	205	8	8	0	manual_page_review_required
final	206	11	9	0	manual_page_review_required
final	207	10	7	0	manual_page_review_required
final	208	3	4	0	manual_page_review_required
final	209	7	14	0	manual_page_review_required
final	210	9	9	0	manual_page_review_required
final	211	16	13	0	manual_page_review_required
final	212	3	4	0	manual_page_review_required
final	213	4	3	0	manual_page_review_required
final	214	4	4	0	manual_page_review_required
final	215	16	15	0	manual_page_review_required
final	216	9	6	0	manual_page_review_required
final	217	12	11	0	manual_page_review_required
final	218	10	11	0	manual_page_review_required
final	219	7	6	0	manual_page_review_required
final	220	4	4	0	manual_page_review_required
final	221	18	18	0	manual_page_review_required
final	222	7	9	0	manual_page_review_required
final	223	0	0	0	manual_page_review_required
final	224	0	0	0	manual_page_review_required
final	225	8	8	0	manual_page_review_required
final	226	9	9	0	manual_page_review_required
final	227	13	9	0	manual_page_review_required
final	228	4	4	0	manual_page_review_required
final	229	15	15	0	manual_page_review_required
final	230	8	8	0	manual_page_review_required
final	231	14	18	0	manual_page_review_required
final	232	17	17	0	manual_page_review_required
final	233	15	15	0	manual_page_review_required
final	234	8	7	0	manual_page_review_required
final	235	6	7	0	manual_page_review_required
final	236	11	11	0	manual_page_review_required
final	237	10	10	0	manual_page_review_required
final	238	11	11	0	manual_page_review_required
final	239	7	7	0	manual_page_review_required
final	240	19	15	0	manual_page_review_required
final	241	5	5	0	manual_page_review_required
final	242	6	6	0	manual_page_review_required
final	243	5	7	0	manual_page_review_required
final	244	4	5	0	manual_page_review_required
final	245	10	14	0	manual_page_review_required
final	246	14	13	0	manual_page_review_required
final	247	12	13	0	manual_page_review_required
final	248	8	8	0	manual_page_review_required
final	249	0	0	0	manual_page_review_required
final	250	0	0	0	manual_page_review_required
final	251	7	7	0	manual_page_review_required
final	252	9	6	0	manual_page_review_required
final	253	11	11	0	manual_page_review_required
final	254	8	8	0	manual_page_review_required
final	255	16	16	0	manual_page_review_required
final	256	7	7	0	manual_page_review_required
final	257	5	5	0	manual_page_review_required
final	258	13	10	0	manual_page_review_required
final	259	6	6	0	manual_page_review_required
final	260	11	13	0	manual_page_review_required
final	261	12	12	0	manual_page_review_required
final	262	12	12	0	manual_page_review_required
final	263	9	9	0	manual_page_review_required
final	264	9	10	0	manual_page_review_required
final	265	9	10	0	manual_page_review_required
final	266	0	0	0	manual_page_review_required
final	267	0	0	0	manual_page_review_required
final	268	13	13	0	manual_page_review_required
final	269	22	17	0	manual_page_review_required
final	270	9	17	0	manual_page_review_required
final	271	13	14	0	manual_page_review_required
final	272	9	6	0	manual_page_review_required
final	273	8	8	0	manual_page_review_required
final	274	7	10	0	manual_page_review_required
final	275	8	8	0	manual_page_review_required
final	276	16	17	0	manual_page_review_required
final	277	4	4	0	manual_page_review_required
final	278	7	11	0	manual_page_review_required
final	279	6	5	0	manual_page_review_required
final	280	14	10	0	manual_page_review_required
final	281	13	9	0	manual_page_review_required
